<?xml version="1.0" encoding="UTF-8"?>
<project-private xmlns="http://www.netbeans.org/ns/project-private/1">
    <editor-bookmarks xmlns="http://www.netbeans.org/ns/editor-bookmarks/2" lastBookmarkId="0"/>
    <open-files xmlns="http://www.netbeans.org/ns/projectui-open-files/2">
        <group>
            <file>file:/D:/objectprograming/Lab01Task01/src/GeometricShape/Triangle.java</file>
            <file>file:/D:/objectprograming/Lab01Task01/src/GeometricShape/Rectangle.java</file>
            <file>file:/D:/objectprograming/Lab01Task01/src/GeometricShape/TestTask1.java</file>
        </group>
    </open-files>
</project-private>
